データ,,,,,入手方法(重複可),〇→絶対出して,△→どちらでもよい,×→出すな,別の用途で使う
ID,Damage,Name,カテゴリー,必要ライセンス,クラフト,Earmazon,ドロップ,生成,(用途を記入)
1,0,焼き石,普通のブロック,精錬,o,△,△,o,
1,0,石,普通のブロック,精錬,o,△,△,o,
1,1,花崗岩,普通のブロック,x,x,x,△,o,
1,2,磨かれた花崗岩,普通のブロック,加工1,o,△,△,o,
1,3,閃緑岩,普通のブロック,x,x,x,△,o,
1,4,磨かれた閃緑岩,普通のブロック,加工1,o,△,△,o,
1,5,安山岩,普通のブロック,x,x,x,△,o,
1,6,磨かれた安山岩,普通のブロック,加工1,o,△,△,o,
2,0,草ブロック,普通のブロック,x,x,△,△,o,
3,0,土,普通のブロック,x,x,△,△,o,
4,0,丸石,普通のブロック,x,x,△,△,△,焼き石からドロップ
5,0,オークの木材,普通のブロック,通常,o,o,△,o,
5,1,マツの木材,普通のブロック,通常,o,o,△,o,
5,2,カバの木材,普通のブロック,通常,o,x,x,o,
5,3,ジャングルの木材,普通のブロック,加工2,o,x,x,o,
5,4,アカシアの木材,普通のブロック,加工2,o,x,x,o,
5,5,黒樫の木材,普通のブロック,加工2,o,x,x,o,
5,5,ダークオークの木材,普通のブロック,加工2,o,x,x,o,
6,0,オークの苗木,草花,x,x,o,△,x,生成された葉を壊す
6,1,マツの苗木,草花,x,x,o,△,x,生成された葉を壊す
6,2,カバの苗木,草花,x,x,△,△,x,生成された葉を壊す
6,3,ジャングルの苗木,草花,x,x,△,△,x,生成された葉を壊す
6,4,アカシアの苗木,草花,x,x,△,△,x,生成された葉を壊す
6,5,黒樫の苗木,草花,x,x,△,△,x,生成された葉を壊す
6,5,ダークオークの苗木,草花,x,x,△,△,x,生成された葉を壊す
7,0,岩盤,普通のブロック,x,x,x,x,x,
8,0,水,設置ブロック,x,x,x,x,x,生成はさせてもよいが入手はできない
9,0,水,設置ブロック,x,x,x,x,x,生成はさせてもよいが入手はできない
10,0,溶岩,設置ブロック,x,x,x,x,x,生成はさせてもよいが入手はできない
11,0,溶岩,設置ブロック,x,x,x,x,x,生成はさせてもよいが入手はできない
12,0,砂,普通のブロック,x,x,△,△,o,
12,1,赤砂,普通のブロック,x,x,△,△,o,
13,0,砂利,普通のブロック,x,x,△,△,o,
14,0,金鉱石,金属,x,x,x,x,o,ドロップさせるならインゴット
15,0,鉄鉱石,金属,x,x,x,x,o,ドロップさせるならインゴット
16,0,石炭鉱石,金属,x,x,x,x,o,ドロップさせるなら石炭
17,0,オークの木,普通のブロック,x,x,o,o,o,
17,1,マツの木,普通のブロック,x,x,o,o,o,
17,2,カバの木,普通のブロック,x,x,△,△,o,
17,3,ジャングルの木,普通のブロック,x,x,△,△,o,
18,0,カシの葉,普通のブロック,x,x,△,△,o,
18,1,マツの葉,普通のブロック,x,x,△,△,o,
18,2,カバの葉,普通のブロック,x,x,△,△,o,
18,3,ジャングルの木の葉,普通のブロック,x,x,△,△,o,
19,0,スポンジ,普通のブロック,x,x,△,x,△,
19,1,ぬれたスポンジ,普通のブロック,x,x,x,x,x,
19,2,(スポンジ(未)),普通のブロック,x,x,x,x,x,
20,0,ガラス,普通のブロック,精錬,o,△,△,x,
21,0,ラピスラズリ鉱石,金属,x,x,x,x,o,
22,0,ラピスラズリブロック,金属,細工師3,o,x,x,x,
23,0,発射装置,設置ブロック,x,x,x,x,x,
24,0,砂岩,普通のブロック,通常,△,△,△,o,
24,1,模様入り砂岩,普通のブロック,細工師1,o,x,△,o,
24,2,なめらかな砂岩,普通のブロック,細工師1,o,x,△,o,
25,0,音ブロック,設置ブロック,x,x,x,x,x,
26,0,ベッド,分類不能・販売禁止,x,x,x,x,x,
27,0,加速レール,RS系統,x,x,x,x,x,
27,0,パワードレール,RS系統,x,x,x,x,x,
28,0,感知レール,RS系統,x,x,x,x,x,
28,0,ディテクテーターレール,RS系統,x,x,x,x,x,
29,0,吸着ピストン,RS系統,x,x,x,x,x,
30,0,クモの巣,設置ブロック,x,x,x,△,△,
31,0,シダ,草花,x,x,x,△,△,
31,1,草,草花,x,x,x,△,△,
32,0,枯れ木,草花,x,x,x,△,△,
33,0,ピストン,RS系統,x,x,x,x,x,
34,0,(ピストンの先っちょ),分類不能・販売禁止,x,x,x,x,x,
35,0,白の羊毛,装飾ブロック,x,x,△,△,△,
35,1,オレンジの羊毛,装飾ブロック,加工1,o,x,△,△,
35,2,赤紫の羊毛,装飾ブロック,加工3,o,x,△,△,
35,3,空色の羊毛,装飾ブロック,加工3,o,x,△,△,
35,4,黄色の羊毛,装飾ブロック,加工3,o,x,△,△,
35,5,黄緑の羊毛,装飾ブロック,加工3,o,x,△,△,
35,6,ピンクの羊毛,装飾ブロック,加工3,o,x,△,△,
35,7,灰色の羊毛,装飾ブロック,加工3,o,x,△,△,
35,8,薄灰色の羊毛,装飾ブロック,加工3,o,x,△,△,
35,9,水色の羊毛,装飾ブロック,加工3,o,x,△,△,
35,10,紫の羊毛,装飾ブロック,加工3,o,x,△,△,
35,11,青の羊毛,装飾ブロック,加工3,o,x,△,△,
35,12,茶色の羊毛,装飾ブロック,加工3,o,x,△,△,
35,13,緑の羊毛,装飾ブロック,加工3,o,x,△,△,
35,14,赤の羊毛,装飾ブロック,加工3,o,x,△,△,
35,15,黒の羊毛,装飾ブロック,加工3,o,x,△,△,
37,0,タンポポ,草花,x,x,x,x,△,
37,1,(tile.yellow_flower..name),分類不能・販売禁止,x,x,x,x,x,
38,0,ポピー,草花,x,x,x,x,o,
38,1,ヒスイラン,草花,x,x,x,x,o,
38,2,アリウム,草花,x,x,x,x,o,
38,3,ヒナソウ,草花,x,x,x,x,o,
38,4,赤のチューリップ,草花,x,x,x,x,o,
38,5,オレンジのチューリップ,草花,x,x,x,x,o,
38,6,白のチューリップ,草花,x,x,x,x,o,
38,7,ピンクのチューリップ,草花,x,x,x,x,o,
38,8,フランスギク,草花,x,x,x,x,o,
39,0,きのこ,草花,x,x,x,x,△,赤きのこブロックからドロップ
40,0,きのこ,草花,x,x,x,x,△,茶きのこブロックからドロップ
41,0,金ブロック,金属,細工師3,o,x,x,x,
42,0,鉄ブロック,金属,細工師3,o,x,x,x,
43,0,石ハーフブロック,普通のブロック,加工2,o,x,x,x,
43,1,砂岩ハーフブロック,普通のブロック,加工2,o,x,x,x,
43,2,木材ハーフブロック,普通のブロック,加工1,o,x,x,x,
43,3,丸石ハーフブロック,普通のブロック,加工1,o,x,x,x,
43,4,レンガハーフブロック,普通のブロック,加工2,o,x,x,x,
43,5,石レンガハーフブロック,普通のブロック,加工2,o,x,x,x,
43,6,クォーツハーフブロック,普通のブロック,加工3,o,x,x,x,
43,7,暗黒レンガのハーフブロック,普通のブロック,加工3,o,x,x,x,
44,0,(二重の石ハーフブロック),分類不能・販売禁止,x,x,x,x,x,
44,1,(二重の砂岩ハーフブロック),分類不能・販売禁止,x,x,x,x,x,
44,2,(二重の木材ハーフブロック),分類不能・販売禁止,x,x,x,x,x,
44,3,(二重の丸石ハーフブロック),分類不能・販売禁止,x,x,x,x,x,
44,4,(二重のレンガハーフブロック),分類不能・販売禁止,x,x,x,x,x,
44,5,(二重の石レンガハーフブロック),分類不能・販売禁止,x,x,x,x,x,
44,6,(二重のクォーツハーフブロック),分類不能・販売禁止,x,x,x,x,x,
44,7,(二重の暗黒レンガハーフブロック),分類不能・販売禁止,x,x,x,x,x,
45,0,レンガ,普通のブロック,精錬,o,△,△,△,
46,0,TNT,普通のブロック,危険物取扱,o,x,△,x,
47,0,本棚,普通のブロック,加工2,o,x,x,x,
48,0,苔石,普通のブロック,加工3,o,x,x,△,
49,0,黒曜石,普通のブロック,加工3,o,x,x,△,
50,0,たいまつ,設置ブロック,通常,o,x,x,x,
51,0,火,設置ブロック,x,x,x,x,x,
52,0,モンスター スポーナー,設置ブロック,x,x,△,x,x,
53,0,オークの階段,装飾ブロック,通常,o,x,x,x,
54,0,チェスト,設置ブロック,加工1,o,x,x,x,
55,0,(設置されたレッドストーン),RS系統,x,x,x,x,x,
56,0,ダイヤモンド鉱石,金属,x,x,x,x,o,
57,0,ダイヤモンドブロック,金属,細工師3,o,x,x,x,
58,0,作業台,設置ブロック,通常,o,x,x,x,
59,0,(設置されている麦),分類不能・販売禁止,x,x,x,x,x,
60,0,農地,普通のブロック,x,x,x,x,x,土をタップで生成/そのままでは入手不可
60,0,耕した土,普通のブロック,x,x,x,x,x,土をタップで生成/そのままでは入手不可
61,0,かまど,設置ブロック,加工1,o,x,x,x,
62,0,(火のついたかまど),分類不能・販売禁止,x,x,x,x,x,
63,0,(立っている看板),分類不能・販売禁止,x,x,x,x,x,
64,0,(オークの木のドアの上半分),分類不能・販売禁止,x,x,x,x,x,
65,0,はしご,設置ブロック,通常,o,x,△,x,
66,0,レール,RS系統,x,o,△,x,x,
67,0,丸石の階段,普通のブロック,加工1,o,x,x,x,
68,0,(壁に張り付いた看板),分類不能・販売禁止,x,x,x,x,x,
69,0,レバー,RS系統,加工1,o,x,x,x,
70,0,石の感圧板,RS系統,加工1,o,x,x,x,
71,0,(設置してある鉄のドア),分類不能・販売禁止,x,x,x,x,x,
72,0,木製の感圧板,RS系統,加工1,o,x,x,x,
73,0,レッドストーン鉱石,金属,x,x,x,x,o,
74,0,(光るレッドストーン鉱石),分類不能・販売禁止,x,x,x,x,△,ドロップするのはRSだし
75,0,レッドストーンのたいまつ,RS系統,加工1,o,x,x,x,
76,0,レッドストーンのたいまつ,RS系統,加工1,o,x,x,x,
77,0,ボタン,RS系統,加工1,o,x,x,x,
78,0,積雪,装飾ブロック,x,x,x,x,o,薄っぺらい雪そのものは入手不可
79,0,氷,普通のブロック,x,x,x,△,o,
80,0,雪,普通のブロック,加工1,o,x,△,o,
81,0,サボテン,草花,x,x,x,x,o,
82,0,粘土,普通のブロック,x,x,△,△,o,
83,0,(設置してあるサトウキビ),分類不能・販売禁止,x,x,x,△,o,
85,0,オークの木の柵,設置ブロック,加工1,o,x,x,x,
85,1,マツの木の柵,設置ブロック,加工1,o,x,x,x,
85,2,カバの木の柵,設置ブロック,加工1,o,x,x,x,
85,3,ジャングルの木の柵,設置ブロック,加工2,o,x,x,x,
85,4,アカシアの木の柵,設置ブロック,加工2,o,x,x,x,
85,5,ダークオークの木の柵,設置ブロック,加工2,o,x,x,x,
86,0,カボチャ,草花,x,x,x,x,o,
87,0,暗黒石,普通のブロック,x,x,△,x,x,
88,0,ソウルサンド,普通のブロック,x,x,△,x,x,
89,0,グロウストーン,普通のブロック,細工師3,o,x,x,x,壊したらグロウストーンパウダー ドロップさせるならパウダー
90,0,ポータル,分類不能・販売禁止,x,x,x,x,x,
91,0,ジャック・オ・ランタン,普通のブロック,加工1,o,x,x,x,
92,0,(設置してあるケーキ),分類不能・販売禁止,x,x,x,x,x,
93,0,(設置してあるレッドストーンリピーター(ON)),分類不能・販売禁止,x,x,x,x,x,
94,0,(設置してあるレッドストーンリピーター(OFF)),分類不能・販売禁止,x,x,x,x,x,
96,0,木のトラップドア,設置ブロック,加工1,o,x,x,x,
97,0,シルバーフィッシュ入りの石,分類不能・販売禁止,x,x,x,x,x,
97,1,シルバーフィッシュ入りの丸石,分類不能・販売禁止,x,x,x,x,x,
97,2,シルバーフィッシュ入り石レンガ,分類不能・販売禁止,x,x,x,x,x,
97,3,シルバーフィッシュの苔の生えた石レンガ,分類不能・販売禁止,x,x,x,x,x,
97,4,ひび割れた石レンガモンスターエッグ,分類不能・販売禁止,x,x,x,x,x,
97,5,模様入り石レンガモンスターエッグ,分類不能・販売禁止,x,x,x,x,x,
98,0,石レンガ,普通のブロック,細工師1,o,x,x,△,
98,1,苔の生えた石レンガ,普通のブロック,細工師1,o,x,x,△,？これクラフトできたっけ？A.石レンガ+つた
98,2,ひび割れた石レンガ,普通のブロック,精錬,o,x,x,△,石レンガをかまどで焼くことによって入手
98,3,模様入り石レンガ,普通のブロック,細工師1,o,x,x,△,
98,4,滑らかな石のレンガ,分類不能・販売禁止,x,x,x,x,x,見た目が石レンガと同じの謎ブロックでした
99,0,茶きのこブロック,分類不能・販売禁止,x,x,x,x,o,壊したら赤キノコ
100,0,赤きのこブロック,分類不能・販売禁止,x,x,x,x,o,壊したら茶キノコ
101,0,鉄格子,設置ブロック,加工1,o,x,x,△,
102,0,ガラス板,装飾ブロック,加工1,o,x,x,x,
103,0,(設置されたスイカ),草花,x,x,x,x,o,
104,0,(カボチャの茎),分類不能・販売禁止,x,x,x,x,x,
105,0,(メロンの茎),分類不能・販売禁止,x,x,x,x,x,
106,0,ツタ,草花,x,x,x,x,o,
107,0,オークの木の柵のゲート,設置ブロック,加工1,o,x,x,x,
108,0,レンガ階段,普通のブロック,加工2,o,x,x,△,
109,0,石レンガ階段,普通のブロック,細工師1,o,x,x,△,
110,0,菌糸,普通のブロック,x,x,x,x,o,
111,0,スイレンの葉,草花,x,x,x,x,o,
112,0,暗黒レンガ,普通のブロック,加工1,o,△,x,x,？これクラフトできたっけ？A.暗黒レンガ(アイテムの方)*4
113,0,暗黒レンガの柵,設置ブロック,加工2,o,x,x,x,
113,1,マツの木の柵,設置ブロック,加工1,o,x,x,△,
113,2,カバの木の柵,設置ブロック,加工1,o,x,x,△,
113,3,ジャングルの木の柵,設置ブロック,加工2,o,x,x,△,
113,4,アカシアの木の柵,設置ブロック,加工2,o,x,x,△,
113,5,ダークオークの木の柵,設置ブロック,加工2,o,x,x,△,
114,0,暗黒レンガ階段,普通のブロック,加工2,o,x,x,x,
115,0,ネザーウォート,分類不能・販売禁止,x,x,x,x,x,ウォートブロックの扱いについては今後検討
116,0,エンチャントテーブル,設置ブロック,x,x,x,x,x,特殊？
117,0,調合台,分類不能・販売禁止,x,x,△,x,x,特殊: EarmazonのBlockObject
118,0,大釜,分類不能・販売禁止,x,x,x,x,x,
119,0,(エンドポータルのあの宇宙のブロック),分類不能・販売禁止,x,x,x,x,x,
120,0,エンドポータル,分類不能・販売禁止,x,x,x,x,x,
121,0,エンドストーン,普通のブロック,加工3,x,o,x,x,
122,0,ドラゴンの卵,装飾ブロック,x,x,o,x,x,
123,0,レッドストーンランプ,RS系統,x,x,x,x,x,
124,0,(レッドストーンランプ(ON)),分類不能・販売禁止,x,x,x,x,x,
125,0,ドロッパー,RS系統,x,x,x,x,x,
126,0,アクティベーターレール,RS系統,x,x,x,x,x,
127,0,(設置されたカカオ),分類不能・販売禁止,x,x,x,x,o,
128,0,砂岩の階段,普通のブロック,加工2,o,x,x,x,
129,0,エメラルド鉱石,金属,x,x,x,x,o,ドロップさせるならエメラルド
130,0,エンダーチェスト,設置ブロック,x,x,△,x,x,特殊: ItemBoxのアクティベート用
131,0,トリップワイヤーフック,RS系統,x,x,x,x,x,
132,0,トリップワイヤー,RS系統,x,x,x,x,x,
133,0,エメラルドのブロック,金属,細工師3,o,x,x,△,可能な限り直接生成は避けたい
134,0,マツの階段,普通のブロック,加工2,o,x,x,x,
135,0,カバの階段,普通のブロック,加工2,o,x,x,x,
136,0,ジャングルの木の階段,普通のブロック,加工2,o,x,x,x,
137,0,コマンドブロック,RS系統,x,x,x,x,x,設置できるだけ
138,0,ビーコン,RS系統,x,x,x,x,x,
139,0,丸石の壁,設置ブロック,加工2,o,x,x,△,
139,1,苔の生えた丸石の壁,設置ブロック,加工2,o,x,x,△,
140,0,(おいてあるプランター),分類不能・販売禁止,x,x,x,x,x,
141,0,(生えているニンジン),分類不能・販売禁止,x,x,x,x,x,
142,0,(設置されているジャガイモ),分類不能・販売禁止,x,x,x,x,x,
143,0,ボタン,RS系統,x,x,x,x,x,
144,0,スケルトンの頭,分類不能・販売禁止,x,x,x,x,x,
144,1,ウィザー スケルトンの頭,分類不能・販売禁止,x,x,x,x,x,
144,2,ゾンビの頭,分類不能・販売禁止,x,x,x,x,x,
144,3,ヘッド,分類不能・販売禁止,x,x,x,x,x,
144,4,クリーパー ヘッド,分類不能・販売禁止,x,x,x,x,x,
144,5,ドラゴンの頭,分類不能・販売禁止,x,x,x,x,x,
145,0,金床,設置ブロック,加工2,o,x,x,x,
145,1,少し壊れた金床,設置ブロック,x,x,x,x,x,
145,2,かなり壊れた金床,設置ブロック,x,x,x,x,x,
146,0,トラップチェスト,RS系統,x,x,x,x,x,
147,0,重量感知板 (軽),RS系統,加工1,o,x,x,x,
148,0,重量感知板 (重),RS系統,加工1,o,x,x,x,
149,0,(置かれたレッドストーンコンパレーター(OFF)),分類不能・販売禁止,x,x,x,x,x,
150,0,(置かれたレッドストーンコンパレーター(ON)),分類不能・販売禁止,x,x,x,x,x,
151,0,日照センサー,RS系統,x,x,x,x,x,
152,0,レッドストーンのブロック,金属,細工師3,o,x,x,x,
153,0,闇のクォーツ鉱石,普通のブロック,x,x,△,x,x,
154,0,ホッパー,RS系統,x,x,x,x,x,
155,0,クォーツのブロック,普通のブロック,加工3,o,x,x,△,
155,1,模様入りクォーツのブロック,普通のブロック,細工師3,o,x,x,x,
155,2,柱状のクォーツのブロック,普通のブロック,細工師3,o,x,x,x,
156,0,クォーツの階段,普通のブロック,細工師3,o,x,x,x,
157,0,(二重のオークのハーフブロック),分類不能・販売禁止,x,x,x,x,x,
157,1,(二重のマツのハーフブロック),分類不能・販売禁止,x,x,x,x,x,
157,2,(二重のカバのハーフブロック),分類不能・販売禁止,x,x,x,x,x,
157,3,(二重のジャングルの木のハーフブロック),分類不能・販売禁止,x,x,x,x,x,
157,4,(二重のアカシアの木のハーフブロック),分類不能・販売禁止,x,x,x,x,x,
157,5,(二重のダークオークの木のハーフブロック),分類不能・販売禁止,x,x,x,x,x,
157,6,(二重の何かの木のハーフブロック),分類不能・販売禁止,x,x,x,x,x,
158,0,オークのハーフブロック,普通のブロック,加工1,o,x,x,x,
158,1,マツのハーフブロック,普通のブロック,加工1,o,x,x,x,
158,2,カバのハーフブロック,普通のブロック,加工1,o,x,x,x,
158,3,ジャングルの木のハーフブロック,普通のブロック,加工2,o,x,x,x,
158,4,アカシアの木のハーフブロック,普通のブロック,加工2,o,x,x,x,
158,5,ダークオークの木のハーフブロック,普通のブロック,加工2,o,x,x,x,
158,6,(何かの木のハーフブロック),分類不能・販売禁止,x,x,x,x,x,
159,0,白の色付き粘土,装飾ブロック,細工師2,o,△,x,△,
159,1,オレンジの色付き粘土,装飾ブロック,細工師2,o,△,x,△,
159,2,赤紫の色付き粘土,装飾ブロック,細工師2,o,△,x,△,
159,3,空色の色付き粘土,装飾ブロック,細工師2,o,△,x,△,
159,4,黄色の色付き粘土,装飾ブロック,細工師2,o,△,x,△,
159,5,黄緑の色付き粘土,装飾ブロック,細工師2,o,△,x,△,
159,6,ピンクの色付き粘土,装飾ブロック,細工師2,o,△,x,△,
159,7,灰色の色付き粘土,装飾ブロック,細工師2,o,△,x,△,
159,8,薄灰色の色付き粘土,装飾ブロック,細工師2,o,△,x,△,
159,9,水色の色付き粘土,装飾ブロック,細工師2,o,△,x,△,
159,10,紫の色付き粘土,装飾ブロック,細工師2,o,△,x,△,
159,11,青の色付き粘土,装飾ブロック,細工師2,o,△,x,△,
159,12,茶色の色付き粘土,装飾ブロック,細工師2,o,△,x,△,
159,13,緑の色付き粘土,装飾ブロック,細工師2,o,△,x,△,
159,14,赤の色付き粘土,装飾ブロック,細工師2,o,△,x,△,
159,15,黒の色付き粘土,装飾ブロック,細工師2,o,△,x,△,
160,0,ガラス板,装飾ブロック,加工2,o,x,x,x,
161,0,アカシアの葉,草花,x,x,x,x,o,
161,1,ダークオーク木の葉,草花,x,x,x,x,o,
162,0,アカシアの原木,普通のブロック,x,x,x,x,o,
162,1,ダークオークの原木,普通のブロック,x,x,x,x,o,
163,0,アカシアの木の階段,普通のブロック,加工2,o,x,x,x,
164,0,ダークオークの木の階段,普通のブロック,加工2,o,x,x,x,
165,0,スライムブロック,普通のブロック,加工3,o,△,x,△,
167,0,鉄のトラップドア,設置ブロック,加工2,o,x,x,x,
168,0,海晶ブロック,普通のブロック,加工3,o,x,x,△,
168,1,暗海晶ブロック,普通のブロック,加工3,o,x,x,△,
168,2,海晶レンガ,普通のブロック,加工3,o,x,x,△,
169,0,海のランタン,普通のブロック,加工3,o,x,x,△,？これクラフトできたっけ？(暗海晶の破片*4+海結晶*5)
170,0,麦俵,普通のブロック,農家,o,x,x,x,
171,0,白のカーペット,装飾ブロック,細工師2,o,x,x,x,
171,1,オレンジのカーペット,装飾ブロック,細工師2,o,x,x,x,
171,2,赤紫のカーペット,装飾ブロック,細工師2,o,x,x,x,
171,3,空色のカーペット,装飾ブロック,細工師2,o,x,x,x,
171,4,黄色のカーペット,装飾ブロック,細工師2,o,x,x,x,
171,5,黄緑のカーペット,装飾ブロック,細工師2,o,x,x,x,
171,6,ピンクのカーペット,装飾ブロック,細工師2,o,x,x,x,
171,7,灰色のカーペット,装飾ブロック,細工師2,o,x,x,x,
171,8,薄灰色のカーペット,装飾ブロック,細工師2,o,x,x,x,
171,9,水色のカーペット,装飾ブロック,細工師2,o,x,x,x,
171,10,紫のカーペット,装飾ブロック,細工師2,o,x,x,x,
171,11,青のカーペット,装飾ブロック,細工師2,o,x,x,x,
171,12,茶色のカーペット,装飾ブロック,細工師2,o,x,x,x,
171,13,緑のカーペット,装飾ブロック,細工師2,o,x,x,x,
171,14,赤のカーペット,装飾ブロック,細工師2,o,x,x,x,
171,15,黒のカーペット,装飾ブロック,細工師2,o,x,x,x,
172,0,堅焼き粘土,普通のブロック,加工2,x,△,△,o,
173,0,石炭のブロック,金属,加工3,o,x,x,x,
174,0,氷塊ブロック,普通のブロック,x,x,x,x,o,
175,0,ヒマワリ,草花,x,x,x,x,o,
175,1,ライラック,草花,x,x,x,x,o,
175,2,高い草,草花,x,x,x,x,o,
175,3,大きなシダ,草花,x,x,x,x,o,
175,4,バラの低木,草花,x,x,x,x,o,
175,5,ボタン,草花,x,x,x,x,o,
178,0,tile.daylight_detector_inverted.name,分類不能・販売禁止,x,x,x,x,x,
179,0,赤砂岩,普通のブロック,x,x,x,△,o,？これクラフトできたっけ？A.赤砂*4
179,1,模様入りの赤砂岩,普通のブロック,細工師1,o,x,x,x,
179,2,滑らかな赤砂岩,普通のブロック,細工師1,o,x,x,x,
180,0,赤砂岩の階段,普通のブロック,加工1,o,x,x,x,
181,0,(二重の赤砂岩のハーフブロック),分類不能・販売禁止,x,x,x,x,x,
181,1,tile.double_stone_slab2.purpur.name,分類不能・販売禁止,x,x,x,x,x,
181,2,tile.double_stone_slab2.stone.name,分類不能・販売禁止,x,x,x,x,x,
182,0,赤砂岩のハーフブロック,普通のブロック,加工1,o,x,x,x,
182,1,プルプァのハーフブロック,普通のブロック,加工2,o,x,x,x,
182,2,tile.stone_slab2.stone.name,分類不能・販売禁止,x,x,x,x,x,
183,0,マツの木の柵のゲート,設置ブロック,加工1,o,x,x,x,
184,0,オークの木の柵のゲート,設置ブロック,加工1,o,x,x,x,
185,0,ジャングルの木の柵のゲート,設置ブロック,加工2,o,x,x,x,
186,0,ダークオークの木の柵のゲート,設置ブロック,加工2,o,x,x,x,
187,0,アカシアの木の柵のゲート,設置ブロック,加工2,o,x,x,x,
188,0,コマンドブロックの反復,RS系統,x,x,x,x,x,
189,0,コマンドブロックのチェーン,RS系統,x,x,x,x,x,
193,0,(マツの木のドアの上半分),分類不能・販売禁止,x,x,x,x,x,
194,0,(カバの木のドアの上半分),分類不能・販売禁止,x,x,x,x,x,
195,0,(ジャングルの木のドアの上半分),分類不能・販売禁止,x,x,x,x,x,
196,0,(アカシアのドアの上半分),分類不能・販売禁止,x,x,x,x,x,
431,0,(黒樫の木のドアの上半分),分類不能・販売禁止,x,x,x,x,x,
197,0,(ダークオークの木のドアの上半分),分類不能・販売禁止,x,x,x,x,x,
198,0,草の道,普通のブロック,x,x,x,x,△,土をたたいて
199,0,(設置してある額縁),分類不能・販売禁止,x,x,x,x,x,
200,0,コーラスの花,草花,x,x,△,x,x,
201,0,プルプァ ブロック,普通のブロック,x,x,△,x,x,
201,1,tile.purpur_block.chiseled.name,分類不能・販売禁止,x,x,x,x,x,
201,2,プルプァの柱,普通のブロック,x,x,△,x,x,
203,0,プルプァの階段,普通のブロック,x,x,△,x,x,
206,0,エンドストーンレンガ,普通のブロック,x,x,△,x,△,？これクラフトできたっけ？←PCだとエンドストーン*4で可能。何故かPEはできない
207,0,tile.frosted_ice.name,分類不能・販売禁止,x,x,x,x,x,
208,0,果てのロッド,設置ブロック,細工師3,o,o,x,x,
209,0,tile.end_gateway.name,分類不能・販売禁止,x,x,x,x,x,
213,0,マグマブロック,設置ブロック,x,x,△,x,x,
214,0,暗黒茸ブロック,普通のブロック,x,x,△,x,x,
215,0,赤い暗黒レンガ,普通のブロック,x,x,△,x,x,
216,0,骨ブロック,普通のブロック,x,x,△,x,△,
218,0,100μの個人ショップ,設置ブロック,x,x,o,x,x,特殊: 個人shop
218,1,500μの個人ショップ,設置ブロック,x,x,o,x,x,特殊: 個人shop
218,2,1000μの個人ショップ,設置ブロック,x,x,o,x,x,特殊: 個人shop
218,3,2500μの個人ショップ,設置ブロック,x,x,o,x,x,特殊: 個人shop
218,4,5000μの個人ショップ,設置ブロック,x,x,o,x,x,特殊: 個人shop
218,5,10000μの個人ショップ,設置ブロック,x,x,o,x,x,特殊: 個人shop
218,6,25000μの個人ショップ,設置ブロック,x,x,o,x,x,特殊: 個人shop
218,7,50000μの個人ショップ,設置ブロック,x,x,o,x,x,特殊: 個人shop
218,8,100000μの個人ショップ,設置ブロック,x,x,o,x,x,特殊: 個人shop
218,9,水色のシュルカー ボックス,設置ブロック,x,x,△,x,x,特殊: 個人shop
218,10,紫のシュルカー ボックス,設置ブロック,x,x,△,x,x,特殊: 個人shop
218,11,青のシュルカー ボックス,設置ブロック,x,x,△,x,x,特殊: 個人shop
218,12,茶色のシュルカー ボックス,設置ブロック,x,x,△,x,x,特殊: 個人shop
218,13,緑のシュルカー ボックス,設置ブロック,x,x,△,x,x,特殊: 個人shop
218,14,赤のシュルカー ボックス,設置ブロック,x,x,△,x,x,特殊: 個人shop
218,15,黒のシュルカー ボックス,設置ブロック,x,x,△,x,x,特殊: 個人shop
219,0,紫の彩釉テラコッタ,装飾ブロック,精錬,x,△,x,△,
220,0,白の彩釉テラコッタ,装飾ブロック,精錬,x,△,x,△,
221,0,オレンジの彩釉テラコッタ,装飾ブロック,精錬,x,△,x,△,
222,0,赤紫の彩釉テラコッタ,装飾ブロック,精錬,x,△,x,△,
223,0,空色の彩釉テラコッタ,装飾ブロック,精錬,x,△,x,△,
224,0,黄色の彩釉テラコッタ,装飾ブロック,精錬,x,△,x,△,
225,0,黄緑の彩釉テラコッタ,装飾ブロック,精錬,x,△,x,△,
226,0,ピンクの彩釉テラコッタ,装飾ブロック,精錬,x,△,x,△,
227,0,灰色の彩釉テラコッタ,装飾ブロック,精錬,x,△,x,△,
228,0,薄灰色の彩釉テラコッタ,装飾ブロック,精錬,x,△,x,△,
229,0,水色の彩釉テラコッタ,装飾ブロック,精錬,x,△,x,△,
231,0,青の彩釉テラコッタ,装飾ブロック,精錬,x,△,x,△,
232,0,茶色の彩釉テラコッタ,装飾ブロック,精錬,x,△,x,△,
233,0,緑の彩釉テラコッタ,装飾ブロック,精錬,x,△,x,△,
234,0,赤の彩釉テラコッタ,装飾ブロック,精錬,x,△,x,△,
235,0,黒の彩釉テラコッタ,装飾ブロック,精錬,x,△,x,△,
236,0,白のコンクリート,装飾ブロック,細工師2,x,o,x,x,
236,1,オレンジのコンクリート,装飾ブロック,細工師2,o,△,x,x,
236,2,赤紫のコンクリート,装飾ブロック,細工師2,o,x,x,x,
236,3,空色のコンクリート,装飾ブロック,細工師2,o,x,x,x,
236,4,黄色のコンクリート,装飾ブロック,細工師2,o,x,x,x,
236,5,黄緑のコンクリート,装飾ブロック,細工師2,o,x,x,x,
236,6,ピンクのコンクリート,装飾ブロック,細工師2,o,x,x,x,
236,7,灰色のコンクリート,装飾ブロック,細工師2,o,x,x,x,
236,8,薄灰色のコンクリート,装飾ブロック,細工師2,o,x,x,x,
236,9,水色のコンクリート,装飾ブロック,細工師2,o,x,x,x,
236,10,紫のコンクリート,装飾ブロック,細工師2,o,x,x,x,
236,11,青のコンクリート,装飾ブロック,細工師2,o,x,x,x,
236,12,茶色のコンクリート,装飾ブロック,細工師2,o,x,x,x,
236,13,緑のコンクリート,装飾ブロック,細工師2,o,x,x,x,
236,14,赤のコンクリート,装飾ブロック,細工師2,o,x,x,x,
236,15,黒のコンクリート,装飾ブロック,細工師2,o,x,x,x,
237,0,白のコンクリート パウダー,装飾ブロック,細工師2,x,o,x,△,
237,1,オレンジのコンクリート パウダー,装飾ブロック,細工師2,o,△,x,△,
237,2,赤紫のコンクリート パウダー,装飾ブロック,細工師2,o,△,x,△,
237,3,空色のコンクリート パウダー,装飾ブロック,細工師2,o,△,x,△,
237,4,黄色のコンクリート パウダー,装飾ブロック,細工師2,o,△,x,△,
237,5,黄緑のコンクリート パウダー,装飾ブロック,細工師2,o,△,x,△,
237,6,ピンクのコンクリート パウダー,装飾ブロック,細工師2,o,△,x,△,
237,7,灰色のコンクリート パウダー,装飾ブロック,細工師2,o,△,x,△,
237,8,薄灰色のコンクリート パウダー,装飾ブロック,細工師2,o,△,x,△,
237,9,水色のコンクリート パウダー,装飾ブロック,細工師2,o,△,x,△,
237,10,紫のコンクリート パウダー,装飾ブロック,細工師2,o,△,x,△,
237,11,青のコンクリート パウダー,装飾ブロック,細工師2,o,△,x,△,
237,12,茶色のコンクリート パウダー,装飾ブロック,細工師2,o,△,x,△,
237,13,緑のコンクリート パウダー,装飾ブロック,細工師2,o,△,x,△,
237,14,赤のコンクリート パウダー,装飾ブロック,細工師2,o,△,x,△,
237,15,黒のコンクリート パウダー,装飾ブロック,細工師2,o,△,x,△,
240,0,コーラスプラント,分類不能・販売禁止,x,x,x,x,x,
245,0,ストーンカッター,分類不能・販売禁止,x,x,o,x,x,特殊: 個人shop
246,0,(赤黒曜石),分類不能・販売禁止,x,x,△,x,x,
247,0,ネザーリアクターコア,分類不能・販売禁止,x,x,x,x,x,特殊: フリマ予定
251,0,オブザーバー,RS系統,x,x,x,x,x,
256,0,鉄のスコップ,ツール,加工2,o,△,△,,
257,0,鉄のピッケル,ツール,加工2,o,△,△,,
258,0,鉄のオノ,ツール,加工2,o,△,△,,
259,0,打ち金と火打石,ツール,危険物取扱,o,x,x,,
260,0,りんご,食べ物、作物,x,x,o,o,,
261,0,弓,ツール,x,x,x,x,,
262,0,矢,ツール,x,x,x,x,,
263,0,石炭,金属,x,x,x,△,,石炭鉱石からドロップ
264,0,ダイヤモンド,金属,x,x,x,△,,ダイヤモンド鉱石からドロップ
265,0,鉄インゴット,金属,加工2,o,x,△,,鉄鉱石からドロップ
266,0,金インゴット,金属,加工3,o,x,x,,金鉱石から
267,0,鉄のソード,ツール,加工2,o,△,△,,
268,0,木のソード,ツール,通常,o,△,△,,
269,0,木のスコップ,ツール,通常,o,△,△,,
270,0,木のピッケル,ツール,通常,o,△,△,,
271,0,木のオノ,ツール,通常,o,△,△,,
272,0,石のソード,ツール,通常,o,△,△,,
273,0,石のスコップ,ツール,通常,o,△,△,,
274,0,石のピッケル,ツール,通常,o,△,△,,
275,0,石のオノ,ツール,通常,o,△,△,,
276,0,ダイヤのソード,ツール,加工3,o,x,x,,
277,0,ダイヤのスコップ,ツール,加工3,o,x,x,,
278,0,ダイヤのピッケル,ツール,加工3,o,x,x,,
279,0,ダイヤのオノ,ツール,加工3,o,x,x,,
280,0,木の棒,素材,通常,o,x,x,,
280,0,棒,素材,通常,o,x,x,,
281,0,ボウル,素材,通常,o,x,x,,
281,0,おわん,素材,通常,o,x,x,,
282,0,マッシュルームスープ,食べ物、作物,通常,o,x,x,,
282,0,きのこのスープ,食べ物、作物,通常,o,x,x,,
283,0,金のソード,ツール,加工3,o,△,x,,
284,0,金のスコップ,ツール,加工3,o,△,x,,
285,0,金のピッケル,ツール,加工3,o,△,x,,
286,0,金のオノ,ツール,加工3,o,△,x,,
287,0,糸,素材,x,x,x,o,,
288,0,羽,素材,x,x,x,x,,
289,0,火薬,素材,x,x,x,o,,
290,0,木のクワ,ツール,通常,o,x,x,,
291,0,石のクワ,ツール,加工1,o,x,x,,
292,0,鉄のクワ,ツール,加工2,o,x,x,,
293,0,ダイヤのクワ,ツール,加工3,o,x,x,,
294,0,金のクワ,ツール,加工3,o,x,x,,
295,0,麦の種,食べ物、作物,x,x,△,o,,草ブロック耕してドロップ？
296,0,麦,食べ物、作物,x,x,x,x,,育ててドロップ
297,0,おいしいパン,食べ物、作物,x,o,△,△,,
298,0,革のヘルメット,ツール,服飾1,o,△,x,,
299,0,革のチェストプレート,ツール,服飾1,o,△,x,,
300,0,革のレギンス,ツール,服飾1,o,△,x,,
301,0,革のブーツ,ツール,服飾1,o,△,x,,
302,0,チェーンのヘルメット,ツール,x,x,x,△,,入手確率は低め
303,0,チェーンのチェストプレート,ツール,x,x,x,△,,入手確率は低め
304,0,チェーンのレギンス,ツール,x,x,x,△,,入手確率は低め
305,0,チェーンのブーツ,ツール,x,x,x,△,,入手確率は低め
306,0,鉄のヘルメット,ツール,服飾1,o,x,x,,
307,0,鉄のチェストプレート,ツール,服飾1,o,x,x,,
308,0,鉄のレギンス,ツール,服飾1,o,x,x,,
309,0,鉄のブーツ,ツール,服飾1,o,x,x,,
310,0,ダイヤのヘルメット,ツール,服飾2,o,x,x,,
311,0,ダイヤのチェストプレート,ツール,服飾2,o,x,x,,
312,0,ダイヤのレギンス,ツール,服飾2,o,x,x,,
313,0,ダイヤのブーツ,ツール,服飾2,o,x,x,,
314,0,金のヘルメット,ツール,服飾2,o,x,x,,
315,0,金のチェストプレート,ツール,服飾2,o,x,x,,
316,0,金のレギンス,ツール,服飾2,o,x,x,,
317,0,金のブーツ,ツール,服飾2,o,x,x,,
318,0,火打ち石,ツール,x,x,x,△,,砂利からたまにドロップ
318,0,火打石,ツール,x,x,x,△,,砂利からたまにドロップ
319,0,生の豚肉,食べ物、作物,x,x,x,o,,
320,0,焼き豚肉,食べ物、作物,x,x,x,△,,
321,0,絵画,ツール,加工1,o,x,△,,
322,0,金のりんご,食べ物、作物,農家,o,x,x,,クラフトするんだっけこれ
322,0,金りんご,食べ物、作物,農家,o,x,x,,
323,0,看板,ツール,加工1,o,△,△,,
324,0,オークの木のドア,ツール,加工1,o,x,x,,
325,0,バケツ,ツール,加工2,o,△,△,,
328,0,トロッコ,ツール,加工2,o,△,x,,
329,0,鞍,分類不能・販売禁止,x,x,x,x,,
330,0,鉄のドア,ツール,加工2,o,x,x,,
331,0,レッドストーン,金属,x,x,x,x,,
332,0,雪玉,素材,x,x,x,x,,snow layerからドロップ
333,0,オークの木のボート,分類不能・販売禁止,x,x,x,x,,
334,0,革,素材,x,x,x,o,,
336,0,レンガ,素材,精錬,o,x,x,,
337,0,粘土,素材,x,x,△,o,,
338,0,サトウキビ,食べ物、作物,x,x,x,o,,
339,0,紙,素材,加工1,o,x,x,,
340,0,本,素材,加工1,o,x,△,,
341,0,スライムボール,素材,x,x,△,△,,
342,0,チェスト付きトロッコ,分類不能・販売禁止,x,x,x,x,,
344,0,タマゴ,食べ物、作物,x,x,x,o,,
345,0,コンパス,ツール,加工2,o,x,△,,
346,0,釣り竿,ツール,加工2,x,x,x,,
347,0,時計,ツール,加工2,o,x,△,,
348,0,グロウストーンダスト,素材,x,x,△,△,,
349,0,生の魚,食べ物、作物,x,x,x,o,,
350,0,焼き魚,食べ物、作物,精錬,o,x,x,,
351,0,墨袋,素材,x,x,△,△,,
351,1,赤色の染料,素材,精錬,o,△,x,,
351,2,緑色の染料,素材,精錬,o,△,x,,
351,3,カカオ豆,素材,精錬,o,△,x,,
351,4,ラピスラズリ,素材,x,x,△,x,,ラピスラズリ鉱石からドロップ
351,5,紫色の染料,素材,精錬,o,△,x,,
351,6,水色の染料,素材,精錬,o,△,x,,
351,7,薄灰色の染料,素材,精錬,o,△,x,,
351,8,灰色の染料,素材,精錬,o,△,x,,
351,9,桃色の染料,素材,精錬,o,△,x,,
351,10,黄緑色の染料,素材,精錬,o,△,x,,
351,11,黄色の染料,素材,精錬,o,△,x,,
351,12,空色の染料,素材,精錬,o,△,x,,
351,13,赤紫色の染料,素材,精錬,o,△,x,,
351,14,橙色の染料,素材,精錬,o,△,x,,
351,15,骨粉,素材,加工2,o,△,o,,
352,0,骨,素材,x,x,x,o,,骨ブロックからドロップ(?)A.しません
353,0,砂糖,素材,農家,o,x,△,,農業
354,0,ケーキ,食べ物、作物,農家,o,x,x,,
355,0,白色のベッド,設置ブロック,加工1,o,x,x,,
355,1,橙色のベッド,設置ブロック,細工師3,o,x,x,,
355,2,赤紫色のベッド,設置ブロック,細工師3,o,x,x,,
355,3,空色のベッド,設置ブロック,細工師3,o,x,x,,
355,4,黄色のベッド,設置ブロック,細工師3,o,x,x,,
355,5,黄緑色のベッド,設置ブロック,細工師3,o,x,x,,
355,6,桃色のベッド,設置ブロック,細工師3,o,x,x,,
355,7,灰色のベッド,設置ブロック,細工師3,o,x,x,,
355,8,薄灰色のベッド,設置ブロック,細工師3,o,x,x,,
355,9,青緑色のベッド,設置ブロック,細工師3,o,x,x,,
355,10,紫色のベッド,設置ブロック,細工師3,o,x,x,,
355,11,青色のベッド,設置ブロック,細工師3,o,x,x,,
355,12,茶色のベッド,設置ブロック,細工師3,o,x,x,,
355,13,緑色のベッド,設置ブロック,細工師3,o,x,x,,
355,14,赤色のベッド,設置ブロック,細工師3,o,x,x,,
355,15,黒色のベッド,設置ブロック,細工師3,o,x,x,,
356,0,レッドストーンリピーター,RS系統,x,x,x,x,,
357,0,クッキー,食べ物、作物,農家,o,x,x,,
358,0,地図,分類不能・販売禁止,x,x,x,x,,
359,0,ハサミ,ツール,加工2,o,x,x,,
360,0,スイカ,食べ物、作物,x,x,△,o,,
361,0,カボチャの種,食べ物、作物,x,x,△,o,,
362,0,スイカの種,食べ物、作物,x,x,△,o,,
363,0,生の牛肉,食べ物、作物,x,x,△,o,,
364,0,焼き牛肉,食べ物、作物,x,x,△,o,,
365,0,生の鶏肉,食べ物、作物,x,x,△,o,,
366,0,焼き鳥肉,食べ物、作物,x,x,△,o,,
367,0,ゾンビ肉,食べ物、作物,x,x,△,x,,
368,0,エンダーパール,ツール,x,x,o,x,,
369,0,ブレイズロッド,素材,x,x,x,o,,
370,0,ガストの涙,素材,x,x,x,x,,
371,0,金の塊,金属,x,x,x,△,,
372,0,ネザーウォート,素材,x,x,△,x,,
373,0,水のビン,食べ物、作物,x,x,x,x,,
374,0,ガラスビン,ツール,x,x,x,x,,
375,0,クモの目,食べ物、作物,x,x,x,x,,
376,0,発酵したクモの目,素材,x,x,x,x,,
377,0,ブレイズパウダー,素材,x,x,x,x,,醸造台ない問題ないよね？
378,0,マグマクリーム,素材,x,x,x,x,,
379,0,調合台,設置ブロック,x,x,x,x,,特殊:Earmazon
380,0,大釜,設置ブロック,加工2,o,x,x,,置ける、が染められなくていい!A.バケツ以外のタップをプラグイン側でキャンセルお願いします
381,0,エンダーアイ,素材,x,x,x,x,,
382,0,輝くスイカ,素材,x,x,x,x,,
383,0,スポーンエッグ,分類不能・販売禁止,x,x,x,x,,
384,0,エンチャントのビン,分類不能・販売禁止,x,x,x,x,,
385,0,発火剤,分類不能・販売禁止,x,x,x,x,,
385,0,ファイヤーチャージ,分類不能・販売禁止,x,x,x,x,,
388,0,エメラルド,金属,x,x,△,△,,
389,0,額縁,分類不能・販売禁止,x,x,x,x,,
390,0,植木鉢,設置ブロック,細工師1,o,x,△,,
391,0,ニンジン,食べ物、作物,x,x,x,△,,農業
392,0,ジャガイモ,食べ物、作物,x,x,x,△,,
393,0,ベイクドポテト,食べ物、作物,農家,o,x,x,,
394,0,有毒なジャガイモ,素材,x,x,x,△,,
395,0,空っぽの地図,分類不能・販売禁止,x,x,x,x,,
395,0,白紙の地図,分類不能・販売禁止,x,x,x,x,,
396,0,金のニンジン,食べ物、作物,農家,o,x,△,,
396,0,金ニンジン,食べ物、作物,農家,o,x,△,,
397,0,スケルトンの頭,装飾ブロック,x,x,x,x,,
397,1,ウィザー スケルトンの頭,装飾ブロック,x,x,x,x,,
397,2,ゾンビの頭,装飾ブロック,x,x,x,x,,
397,3,ヘッド,装飾ブロック,x,x,x,x,,
397,4,クリーパー ヘッド,装飾ブロック,x,x,x,x,,
397,5,ドラゴンの頭,装飾ブロック,x,x,x,x,,
398,0,ニンジン付きの棒,分類不能・販売禁止,x,x,x,x,,
399,0,ネザースター,素材,x,x,x,x,,
400,0,パンプキン パイ,食べ物、作物,農家,o,x,x,,
403,0,エンチャントした本,分類不能・販売禁止,x,x,x,x,,
404,0,レッドストーンコンパレーター,RS系統,x,x,x,x,,
405,0,暗黒レンガ,素材,精錬,o,△,x,,
406,0,闇のクォーツ,素材,x,x,△,x,,
407,0,TNT付きトロッコ,分類不能・販売禁止,x,x,x,x,,
408,0,ホッパー付きトロッコ,分類不能・販売禁止,x,x,x,x,,
409,0,暗海晶の破片,素材,x,x,x,x,,何かからドロップ
410,0,ホッパー,RS系統,x,x,x,x,,
411,0,生の兎肉,食べ物、作物,x,x,x,o,,
412,0,焼き兎肉,食べ物、作物,精錬,o,x,x,,
413,0,ウサギシチュー,食べ物、作物,農家,o,x,x,,
414,0,ウサギの足,素材,x,x,x,x,,
415,0,ウサギの皮,素材,x,x,x,o,,
416,0,革の馬鎧,ツール,x,x,x,x,,特殊: 携帯
417,0,鉄の馬鎧,分類不能・販売禁止,x,x,x,x,,
418,0,金の馬鎧,分類不能・販売禁止,x,x,x,x,,
419,0,ダイヤモンドの馬鎧,分類不能・販売禁止,x,x,x,x,,
420,0,首ひも,ツール,x,x,x,x,,
421,0,名札,ツール,x,x,x,x,,
422,0,海結晶,素材,x,x,x,x,,何かからドロップ
423,0,生の羊肉,食べ物、作物,x,x,x,o,,
424,0,調理した羊肉,食べ物、作物,x,x,x,o,,
426,0,果てのクリスタル,分類不能・販売禁止,x,x,x,x,,
427,0,マツの木のドア,設置ブロック,加工1,o,x,x,,
428,0,カバの木のドア,設置ブロック,加工1,o,x,x,,
429,0,ジャングルの木のドア,設置ブロック,加工2,o,x,x,,
430,0,アカシアのドア,設置ブロック,加工2,o,x,x,,
431,0,ダークオークの木のドア,設置ブロック,加工2,o,x,x,,
432,0,コーラスフルーツ,食べ物、作物,x,x,△,o,,
433,0,焼いたコーラスフルーツ,素材,精錬,o,x,x,,
437,0,ドラゴンの息,分類不能・販売禁止,x,x,x,x,,
438,0,スプラッシュ水のビン,分類不能・販売禁止,x,x,x,x,,
441,0,残留する水のビン,分類不能・販売禁止,x,x,x,x,,
443,0,コマンドブロック付きトロッコ,分類不能・販売禁止,x,x,x,x,,
444,0,虫の羽根,ツール,x,x,o,x,,
445,0,シュルカーの殻,素材,x,x,x,x,,
450,0,不死のトーテム,素材,x,x,x,x,,
452,0,鉄塊,金属,x,x,x,△,,
457,0,ビートルート,食べ物、作物,x,x,x,x,,農業
458,0,ビートルートの種,食べ物、作物,x,x,△,x,,
459,0,ビートルート スープ,食べ物、作物,農家,o,x,x,,
460,0,生鮭,食べ物、作物,x,x,x,△,,
461,0,クマノミ,食べ物、作物,x,x,x,△,,
462,0,フグ,食べ物、作物,x,x,x,o,,
463,0,調理した鮭,食べ物、作物,精錬,o,x,x,,
466,0,エンチャントされたリンゴ,食べ物、作物,x,x,x,x,,
